{
    "_meta": {
      "sources": [
        "loopback/common/models",
        "loopback/server/models",
        "../common/models",
        "./models"
      ],
      "mixins": [
        "loopback/common/mixins",
        "loopback/server/mixins",
        "../common/mixins",
        "./mixins"
      ]
    },
    "PaytmUser": {
      "dataSource": "loopback",
      "public": true
    },
    "PaytmTransaction": {
      "dataSource": "loopback",
      "public": true
    },
    "AdminView": {
      "dataSource": "Admin",
      "public": true
    }
  }