{
  "name": "PaytmUser",
  "options": {
    "idInjection": false,
    "oracle": {
      "schema": "SCOTT",
      "table": "PAYTM_USER"
    },
    "validateUpsert": true
  },
  "http" : {
    "path" : "/user"
  },
  "properties": {
    "phoneNumber": {
      "type": "String",
      "required": true,
      "id" : true,
      "length": 20,
      "precision": null,
      "scale": null,
      "oracle": {
        "columnName": "PHONE_NUMBER",
        "dataType": "VARCHAR2",
        "dataLength": 20,
        "dataPrecision": null,
        "dataScale": null,
        "nullable": "N"
      }
    },
    "password": {
      "type": "String",
      "required": true,
      "length": 20,
      "precision": null,
      "scale": null,
      "oracle": {
        "columnName": "PASSWORD",
        "dataType": "VARCHAR2",
        "dataLength": 20,
        "dataPrecision": null,
        "dataScale": null,
        "nullable": "N"
      }
    },
    "emailId": {
      "type": "String",
      "required": false,
      "length": 50,
      "precision": null,
      "scale": null,
      "oracle": {
        "columnName": "EMAIL_ID",
        "dataType": "VARCHAR2",
        "dataLength": 50,
        "dataPrecision": null,
        "dataScale": null,
        "nullable": "Y"
      }
    },
    "payeeNumber": {
      "type": "String",
      "required": false,
      "length": 20,
      "precision": null,
      "scale": null,
      "oracle": {
        "columnName": "PAYEE_NUMBER",
        "dataType": "VARCHAR2",
        "dataLength": 20,
        "dataPrecision": null,
        "dataScale": null,
        "nullable": "Y"
      }
    },
    "payerNumber": {
      "type": "String",
      "required": false,
      "length": 20,
      "precision": null,
      "scale": null,
      "oracle": {
        "columnName": "PAYER_NUMBER",
        "dataType": "VARCHAR2",
        "dataLength": 20,
        "dataPrecision": null,
        "dataScale": null,
        "nullable": "Y"
      }
    },
    "amount": {
      "type": "String",
      "required": false,
      "length": 20,
      "precision": null,
      "scale": null,
      "oracle": {
        "columnName": "AMOUNT",
        "dataType": "VARCHAR2",
        "dataLength": 20,
        "dataPrecision": null,
        "dataScale": null,
        "nullable": "Y"
      }
    },
    "otp": {
      "type": "String",
      "required": true,
      "length": 20,
      "precision": null,
      "scale": null,
      "oracle": {
        "columnName": "OTP",
        "dataType": "VARCHAR2",
        "dataLength": 20,
        "dataPrecision": null,
        "dataScale": null,
        "nullable": "N"
      }
    },
    "walletBalance": {
      "type": "String",
      "required": false,
      "length": 10,
      "precision": null,
      "scale": null,
      "oracle": {
        "columnName": "WALLET_BALANCE",
        "dataType": "VARCHAR2",
        "dataLength": 10,
        "dataPrecision": null,
        "dataScale": null,
        "nullable": "Y"
      }
    }
  },
  "acls": [],
  "idInjection": true
}