{
  "name": "PaytmTransaction",
  "options": {
    "idInjection": false,
    "oracle": {
      "schema": "SCOTT",
      "table": "PAYTM_TRANSACTION"
    },
    "validateUpsert": true
  }, "http" : {
    "path" : "/userTxn"
  },
  "properties": {
    "payerNumber": {
      "type": "String",
      "required": false,
      "id" : true,
      "length": 15,
      "precision": null,
      "scale": null,
      "oracle": {
        "columnName": "PAYER_NUMBER",
        "dataType": "VARCHAR2",
        "dataLength": 15,
        "dataPrecision": null,
        "dataScale": null,
        "nullable": "Y"
      }
    },
    "payeeNumber": {
      "type": "String",
      "required": true,
      "length": 15,
      "precision": null,
      "scale": null,
      "oracle": {
        "columnName": "PAYEE_NUMBER",
        "dataType": "VARCHAR2",
        "dataLength": 15,
        "dataPrecision": null,
        "dataScale": null,
        "nullable": "N"
      }
    },
    "payerWalletBalance": {
      "type": "String",
      "required": false,
      "length": 10,
      "precision": null,
      "scale": null,
      "oracle": {
        "columnName": "PAYER_WALLET_BALANCE",
        "dataType": "VARCHAR2",
        "dataLength": 10,
        "dataPrecision": null,
        "dataScale": null,
        "nullable": "Y"
      }
    },
    "transferAmount": {
      "type": "String",
      "required": false,
      "length": 20,
      "precision": null,
      "scale": null,
      "oracle": {
        "columnName": "TRANSFER_AMOUNT",
        "dataType": "VARCHAR2",
        "dataLength": 20,
        "dataPrecision": null,
        "dataScale": null,
        "nullable": "Y"
      }
    }
  },
  "acls": [],
  "idInjection": true
}